{
  "experiment_name": "target1_exp05_topn_importance",
  "rows": 98,
  "full_w60_feature_count": 769,
  "split": {
    "method": "time_based_80_20_no_shuffle",
    "train_size": 78,
    "test_size": 20
  },
  "rf_params": {
    "n_estimators": 300,
    "random_state": 42,
    "n_jobs": -1
  },
  "baseline_exp02_rf": {
    "RMSE": 4.116668,
    "R2": 0.113823
  },
  "base_full_w60_rf_metrics": {
    "MAE": 3.3941138888888838,
    "RMSE": 4.18867144198728,
    "R2": 0.08255220056542434
  },
  "variants": {
    "top_30": {
      "MAE": 3.332402777777787,
      "RMSE": 4.129147002214272,
      "R2": 0.10844228847261317
    },
    "top_50": {
      "MAE": 3.270822222222216,
      "RMSE": 4.056951835247543,
      "R2": 0.1393462305269133
    },
    "top_100": {
      "MAE": 3.229927777777764,
      "RMSE": 3.9967995439792863,
      "R2": 0.16467879550209996
    }
  }
}